"beta_estimado","beta_bootstrap","erro_padrao_bootstrap","ic_inferior","ic_superior"
0.586722080616074,0.588461153173623,0.093795999378745,0.400896566952319,0.769748195977624
