"estatistica","gl","p_valor"
0.356144639581536,2,0.836881898176432
