"estatistica","gl","p_valor","cramer_v"
0.034808924202924,2,0.982746120679379,0.00426344742174405
